"project","mode","run_id","verdict","baseline","expected","observed","http_201","http_409","http_other","status_check"
"express","guarded","0305b1fc6507c19a","PASS","101","102","102","1","15","0","True"
"express","guarded","eedfd1eef6184303","PASS","102","103","103","1","15","0","True"
"express","guarded","8c188f0a38f91b53","PASS","103","104","104","1","15","0","True"
"express","guarded","9eef4b5c523530ae","PASS","104","105","105","1","15","0","True"
"express","guarded","859b4819b16ad121","PASS","105","106","106","1","15","0","True"
"express","guarded","cd58ba8978111a0f","PASS","106","107","107","1","15","0","True"
"express","guarded","3d059132a69dc729","PASS","107","108","108","1","15","0","True"
"express","guarded","234510d8d2ca2b51","PASS","108","109","109","1","15","0","True"
"express","guarded","491cf9919bda71ee","PASS","109","110","110","1","15","0","True"
"express","guarded","6354bbf35dbba656","PASS","110","111","111","1","15","0","True"
"express","guarded","d01ce49167f12d13","PASS","111","112","112","1","15","0","True"
"express","guarded","9e88617051f71e71","PASS","112","113","113","1","15","0","True"
"express","guarded","3f862b030bf5ebfe","PASS","113","114","114","1","15","0","True"
"express","guarded","cc4a61c09c0cd37f","PASS","114","115","115","1","15","0","True"
"express","guarded","8e4e108452a6b72c","PASS","115","116","116","1","15","0","True"
"express","guarded","6347d74e91fb2da7","PASS","116","117","117","1","15","0","True"
"express","guarded","1eea63b6dda6bb74","PASS","117","118","118","1","15","0","True"
"express","guarded","d1870669ac8867f4","PASS","118","119","119","1","15","0","True"
"express","guarded","6ee6ccc9dd506cae","PASS","119","120","120","1","15","0","True"
"express","guarded","4f272b94463dc789","PASS","120","121","121","1","15","0","True"
"express","guarded","6c679c5ffd0c13c8","PASS","121","122","122","1","15","0","True"
"express","guarded","a95011b18bd2a13a","PASS","122","123","123","1","15","0","True"
"express","guarded","ed90832c5a316a21","PASS","123","124","124","1","15","0","True"
"express","guarded","f944f30796b138b9","PASS","124","125","125","1","15","0","True"
"express","guarded","d2f1a77c3f0afced","PASS","125","126","126","1","15","0","True"
"express","guarded","40b7800d2bfbf6ae","PASS","126","127","127","1","15","0","True"
"express","guarded","2e00e0deb68e972e","PASS","127","128","128","1","15","0","True"
"express","guarded","128f3be44327dbb4","PASS","128","129","129","1","15","0","True"
"express","guarded","a019206ea37a8be1","PASS","129","130","130","1","15","0","True"
"express","guarded","94d00ad0f8066959","PASS","130","131","131","1","15","0","True"
"express","guarded","d2698af76a801c3e","PASS","131","132","132","1","15","0","True"
"express","guarded","f377c22376a67ccd","PASS","132","133","133","1","15","0","True"
"express","guarded","056209fea05d00c9","PASS","133","134","134","1","15","0","True"
"express","guarded","1c11655f529856e3","PASS","134","135","135","1","15","0","True"
"express","guarded","818314a2c89ef584","PASS","135","136","136","1","15","0","True"
"express","guarded","922bcaea95a9eaf1","PASS","136","137","137","1","15","0","True"
"express","guarded","0cfa6f8642b04676","PASS","137","138","138","1","15","0","True"
"express","guarded","923a5cac3724da57","PASS","138","139","139","1","15","0","True"
"express","guarded","13e42a6e7287169d","PASS","139","140","140","1","15","0","True"
"express","guarded","fa69a21076cfe7d7","PASS","140","141","141","1","15","0","True"
"express","guarded","31f27a404e0bfaf5","PASS","141","142","142","1","15","0","True"
"express","guarded","8314892a47a7b8d1","PASS","142","143","143","1","15","0","True"
"express","guarded","69ec1abc906cd0d3","PASS","143","144","144","1","15","0","True"
"express","guarded","027bdc4eeae56ed8","PASS","144","145","145","1","15","0","True"
"express","guarded","14763bac1c8ce0d0","PASS","145","146","146","1","15","0","True"
"express","guarded","1934aa2d7aaebdd1","PASS","146","147","147","1","15","0","True"
"express","guarded","e1f2682586809d5f","PASS","147","148","148","1","15","0","True"
"express","guarded","4e1a3c2bb8646f66","PASS","148","149","149","1","15","0","True"
"express","guarded","1dce2f0f634401e4","PASS","149","150","150","1","15","0","True"
"express","guarded","0ca9458c7ecce00a","PASS","150","151","151","1","15","0","True"
"express","guarded","5b213c4311c51fd5","PASS","151","152","152","1","15","0","True"
"express","guarded","2ccb3a017bdba41e","PASS","152","153","153","1","15","0","True"
"express","guarded","b1e2e6bbedd997a5","PASS","153","154","154","1","15","0","True"
"express","guarded","4839b653afc4c8db","PASS","154","155","155","1","15","0","True"
"express","guarded","9c620c1fffb3d3fc","PASS","155","156","156","1","15","0","True"
"express","guarded","01e176e0f4c36253","PASS","156","157","157","1","15","0","True"
"express","guarded","39c32bef45187c9f","PASS","157","158","158","1","15","0","True"
"express","guarded","0966fce757502798","PASS","158","159","159","1","15","0","True"
"express","guarded","bb6297ac3f29143f","PASS","159","160","160","1","15","0","True"
"express","guarded","8af658ee6848c795","PASS","160","161","161","1","15","0","True"
"express","guarded","f52ed65a0ee7b793","PASS","161","162","162","1","15","0","True"
"express","guarded","b54a5e58e2449815","PASS","162","163","163","1","15","0","True"
"express","guarded","2e7fdec36409b00b","PASS","163","164","164","1","15","0","True"
"express","guarded","8d784468698bf7ac","PASS","164","165","165","1","15","0","True"
"express","guarded","e4c16c4377e4145a","PASS","165","166","166","1","15","0","True"
"express","guarded","04ca1d563bfbad26","PASS","166","167","167","1","15","0","True"
"express","guarded","947d06e34b751f52","PASS","167","168","168","1","15","0","True"
"express","guarded","d64f7e1065a69cf6","PASS","168","169","169","1","15","0","True"
"express","guarded","f9538959b7bc3da3","PASS","169","170","170","1","15","0","True"
"express","guarded","bc912dd783cb4576","PASS","170","171","171","1","15","0","True"
"express","guarded","ed247103be832c2e","PASS","171","172","172","1","15","0","True"
"express","guarded","0357e5843f61be4b","PASS","172","173","173","1","15","0","True"
"express","guarded","fc9b070d3096bb0d","PASS","173","174","174","1","15","0","True"
"express","guarded","e23adf5428e90cff","PASS","174","175","175","1","15","0","True"
"express","guarded","b0e18a43f6dad756","PASS","175","176","176","1","15","0","True"
"express","guarded","9c791c21b75ce122","PASS","176","177","177","1","15","0","True"
"express","guarded","143d7c9ec2386cef","PASS","177","178","178","1","15","0","True"
"express","guarded","baedd2d50c7c1ffc","PASS","178","179","179","1","15","0","True"
"express","guarded","44a7992e6cef6724","PASS","179","180","180","1","15","0","True"
"express","guarded","e63c33121985cec4","PASS","180","181","181","1","15","0","True"
"express","guarded","56786d20806b7ac8","PASS","181","182","182","1","15","0","True"
"express","guarded","dc1327138b4f0c80","PASS","182","183","183","1","15","0","True"
"express","guarded","779c5cca40bb0e6e","PASS","183","184","184","1","15","0","True"
"express","guarded","e41e34b0a4dba8d4","PASS","184","185","185","1","15","0","True"
"express","guarded","3d663d2579785cc7","PASS","185","186","186","1","15","0","True"
"express","guarded","9858c8fb282d3449","PASS","186","187","187","1","15","0","True"
"express","guarded","0d433b6dbf7aed62","PASS","187","188","188","1","15","0","True"
"express","guarded","0cd8103da0b9e352","PASS","188","189","189","1","15","0","True"
"express","guarded","cd3f1c622bc90ae8","PASS","189","190","190","1","15","0","True"
"express","guarded","8f9ba7c024e3dfe1","PASS","190","191","191","1","15","0","True"
"express","guarded","0db4992f69761a33","PASS","191","192","192","1","15","0","True"
"express","guarded","dc623d08cbba635a","PASS","192","193","193","1","15","0","True"
"express","guarded","0e80f563540b48ca","PASS","193","194","194","1","15","0","True"
"express","guarded","0a189a8a88a156fa","PASS","194","195","195","1","15","0","True"
"express","guarded","d067c032eb59f9b3","PASS","195","196","196","1","15","0","True"
"express","guarded","cc5acbe4bd644803","PASS","196","197","197","1","15","0","True"
"express","guarded","0a620090467a386a","PASS","197","198","198","1","15","0","True"
"express","guarded","b2ff959edb4bbf88","PASS","198","199","199","1","15","0","True"
"express","guarded","b33f5aea81dc4406","PASS","199","200","200","1","15","0","True"
"express","guarded","17c2f0a69ae6f050","PASS","200","201","201","1","15","0","True"
"fastapi","guarded","65b21ffc48a25033","PASS","101","102","102","1","15","0","True"
"fastapi","guarded","d6882399c5620f6c","PASS","102","103","103","1","15","0","True"
"fastapi","guarded","c35d08c79e35e5ea","PASS","103","104","104","1","15","0","True"
"fastapi","guarded","72ce3882f24e681a","PASS","104","105","105","1","15","0","True"
"fastapi","guarded","fa98506a152b8dec","PASS","105","106","106","1","15","0","True"
"fastapi","guarded","6494960b58851aaf","PASS","106","107","107","1","15","0","True"
"fastapi","guarded","5eb9b7c4e5080438","PASS","107","108","108","1","15","0","True"
"fastapi","guarded","9529031e7491b58c","PASS","108","109","109","1","15","0","True"
"fastapi","guarded","0092571fbc17fae7","PASS","109","110","110","1","15","0","True"
"fastapi","guarded","289d3fc02be67c42","PASS","110","111","111","1","15","0","True"
"fastapi","guarded","6160dadc0ad54bf8","PASS","111","112","112","1","15","0","True"
"fastapi","guarded","3fde2856558b1019","PASS","112","113","113","1","15","0","True"
"fastapi","guarded","d3d4855f169cdcc6","PASS","113","114","114","1","15","0","True"
"fastapi","guarded","4334736f08e94ddc","PASS","114","115","115","1","15","0","True"
"fastapi","guarded","ef2c487a147ca372","PASS","115","116","116","1","15","0","True"
"fastapi","guarded","71d09a943ad51266","PASS","116","117","117","1","15","0","True"
"fastapi","guarded","b4040b8799ef9437","PASS","117","118","118","1","15","0","True"
"fastapi","guarded","869558277693a6e9","PASS","118","119","119","1","15","0","True"
"fastapi","guarded","fb5414f675f20ca9","PASS","119","120","120","1","15","0","True"
"fastapi","guarded","cbc524b009376580","PASS","120","121","121","1","15","0","True"
"fastapi","guarded","bfe5db40913ecaa6","PASS","121","122","122","1","15","0","True"
"fastapi","guarded","80da2cb441b5b845","PASS","122","123","123","1","15","0","True"
"fastapi","guarded","795afe650f48424f","PASS","123","124","124","1","15","0","True"
"fastapi","guarded","5daeb330f6694014","PASS","124","125","125","1","15","0","True"
"fastapi","guarded","841796d0c67d5c76","PASS","125","126","126","1","15","0","True"
"fastapi","guarded","48a4d8d6fc1ae738","PASS","126","127","127","1","15","0","True"
"fastapi","guarded","f9fd1637017ffda9","PASS","127","128","128","1","15","0","True"
"fastapi","guarded","1c626ec6b5cc52fd","PASS","128","129","129","1","15","0","True"
"fastapi","guarded","15c10153ae06f9e2","PASS","129","130","130","1","15","0","True"
"fastapi","guarded","16178aa77b64c480","PASS","130","131","131","1","15","0","True"
"fastapi","guarded","2928e72773ecb035","PASS","131","132","132","1","15","0","True"
"fastapi","guarded","65c50b96378392f2","PASS","132","133","133","1","15","0","True"
"fastapi","guarded","a8bd39407a7403cd","PASS","133","134","134","1","15","0","True"
"fastapi","guarded","0fc165c24d2a775c","PASS","134","135","135","1","15","0","True"
"fastapi","guarded","7594304d624d7804","PASS","135","136","136","1","15","0","True"
"fastapi","guarded","ad61ad652c77e35d","PASS","136","137","137","1","15","0","True"
"fastapi","guarded","a60aa8eba853796e","PASS","137","138","138","1","15","0","True"
"fastapi","guarded","4edb29b0b6189322","PASS","138","139","139","1","15","0","True"
"fastapi","guarded","4c4eccf45d90f488","PASS","139","140","140","1","15","0","True"
"fastapi","guarded","580edd229f789beb","PASS","140","141","141","1","15","0","True"
"fastapi","guarded","062d11fd3e07ce82","PASS","141","142","142","1","15","0","True"
"fastapi","guarded","072bf6473b77403c","PASS","142","143","143","1","15","0","True"
"fastapi","guarded","8ed0a3b3bda7f2e2","PASS","143","144","144","1","15","0","True"
"fastapi","guarded","1428a4d36f7f15f0","PASS","144","145","145","1","15","0","True"
"fastapi","guarded","d1a6d76b72e5d51a","PASS","145","146","146","1","15","0","True"
"fastapi","guarded","29a6fc3b6b771162","PASS","146","147","147","1","15","0","True"
"fastapi","guarded","64babd88486f0fc2","PASS","147","148","148","1","15","0","True"
"fastapi","guarded","6a03a63656affaaf","PASS","148","149","149","1","15","0","True"
"fastapi","guarded","6069eb68b1b69909","PASS","149","150","150","1","15","0","True"
"fastapi","guarded","7f4b1e5cfa46fdf0","PASS","150","151","151","1","15","0","True"
"fastapi","guarded","ffa5c059d9e43a95","PASS","151","152","152","1","15","0","True"
"fastapi","guarded","a150a66ad925f686","PASS","152","153","153","1","15","0","True"
"fastapi","guarded","fb26acb7109cb004","PASS","153","154","154","1","15","0","True"
"fastapi","guarded","51ebeb0424e388bd","PASS","154","155","155","1","15","0","True"
"fastapi","guarded","baae05822e8f50cc","PASS","155","156","156","1","15","0","True"
"fastapi","guarded","1c55074ceba8aee9","PASS","156","157","157","1","15","0","True"
"fastapi","guarded","0d01326525935f6e","PASS","157","158","158","1","15","0","True"
"fastapi","guarded","f7a9d01a54dec276","PASS","158","159","159","1","15","0","True"
"fastapi","guarded","8e601e258841540d","PASS","159","160","160","1","15","0","True"
"fastapi","guarded","9f2d943df66f515b","PASS","160","161","161","1","15","0","True"
"fastapi","guarded","45ae244f1b842d30","PASS","161","162","162","1","15","0","True"
"fastapi","guarded","2597cb5116e6269c","PASS","162","163","163","1","15","0","True"
"fastapi","guarded","1330460814d17ef5","PASS","163","164","164","1","15","0","True"
"fastapi","guarded","435d4c2a2abbde1a","PASS","164","165","165","1","15","0","True"
"fastapi","guarded","ce99e73a6424efe4","PASS","165","166","166","1","15","0","True"
"fastapi","guarded","120788ab994db6b4","PASS","166","167","167","1","15","0","True"
"fastapi","guarded","e982f8cf934d0363","PASS","167","168","168","1","15","0","True"
"fastapi","guarded","0d69e1db39806349","PASS","168","169","169","1","15","0","True"
"fastapi","guarded","b09a3c94ff22bb73","PASS","169","170","170","1","15","0","True"
"fastapi","guarded","54a6f873d5cfcc0c","PASS","170","171","171","1","15","0","True"
"fastapi","guarded","1da76b7842be279b","PASS","171","172","172","1","15","0","True"
"fastapi","guarded","c1f3e7d38d1e7f33","PASS","172","173","173","1","15","0","True"
"fastapi","guarded","d3b4c6013ad1d053","PASS","173","174","174","1","15","0","True"
"fastapi","guarded","8006bfa927766d04","PASS","174","175","175","1","15","0","True"
"fastapi","guarded","ebd9a52112baf5fe","PASS","175","176","176","1","15","0","True"
"fastapi","guarded","f941c0053b1cea70","PASS","176","177","177","1","15","0","True"
"fastapi","guarded","6c436bcc2caa8108","PASS","177","178","178","1","15","0","True"
"fastapi","guarded","245c43e1e5936bfa","PASS","178","179","179","1","15","0","True"
"fastapi","guarded","a823548d19372b76","PASS","179","180","180","1","15","0","True"
"fastapi","guarded","ab7620cbfcddf07a","PASS","180","181","181","1","15","0","True"
"fastapi","guarded","5365de2c750829e1","PASS","181","182","182","1","15","0","True"
"fastapi","guarded","068fc66f65e4896a","PASS","182","183","183","1","15","0","True"
"fastapi","guarded","bfcefc87c413895a","PASS","183","184","184","1","15","0","True"
"fastapi","guarded","2859bf4fa9944d16","PASS","184","185","185","1","15","0","True"
"fastapi","guarded","6100583a71792553","PASS","185","186","186","1","15","0","True"
"fastapi","guarded","9fa11a27238afe5b","PASS","186","187","187","1","15","0","True"
"fastapi","guarded","8e5d21ee1ecfb5c2","PASS","187","188","188","1","15","0","True"
"fastapi","guarded","4054d75618a89ce7","PASS","188","189","189","1","15","0","True"
"fastapi","guarded","7fdb9b5c3f3cabf3","PASS","189","190","190","1","15","0","True"
"fastapi","guarded","0205c6aed0c79ecd","PASS","190","191","191","1","15","0","True"
"fastapi","guarded","f9e4cdd24c477cc8","PASS","191","192","192","1","15","0","True"
"fastapi","guarded","8105fa889625e9cb","PASS","192","193","193","1","15","0","True"
"fastapi","guarded","b0117d42a9868539","PASS","193","194","194","1","15","0","True"
"fastapi","guarded","2f5882fe0789db04","PASS","194","195","195","1","15","0","True"
"fastapi","guarded","bdbbac5dc134fd19","PASS","195","196","196","1","15","0","True"
"fastapi","guarded","6fc4cef50e310826","PASS","196","197","197","1","15","0","True"
"fastapi","guarded","b1fedcd69f0965bf","PASS","197","198","198","1","15","0","True"
"fastapi","guarded","23620a1ed7b19604","PASS","198","199","199","1","15","0","True"
"fastapi","guarded","10ef1f0b0f5123b8","PASS","199","200","200","1","15","0","True"
"fastapi","guarded","64d1f7410e58aa3e","PASS","200","201","201","1","15","0","True"
"spring","guarded","e0018abe180ee3dd","PASS","101","102","102","1","15","0","True"
"spring","guarded","f2c6869c466bed35","PASS","102","103","103","4","12","0","True"
"spring","guarded","aeb248814caa9ac9","PASS","103","104","104","1","15","0","True"
"spring","guarded","4a4c12e523d14e58","PASS","104","105","105","1","15","0","True"
"spring","guarded","46ea0e60f96c0c4b","PASS","105","106","106","5","11","0","True"
"spring","guarded","bf9f5ef8f5c06390","PASS","106","107","107","1","15","0","True"
"spring","guarded","803c2440504337b2","PASS","107","108","108","1","15","0","True"
"spring","guarded","e521b47f48180761","PASS","108","109","109","4","12","0","True"
"spring","guarded","2b801837fe0d25a7","PASS","109","110","110","3","13","0","True"
"spring","guarded","9ff46b36bd951820","PASS","110","111","111","1","15","0","True"
"spring","guarded","7d25db0ef1117d6d","PASS","111","112","112","1","15","0","True"
"spring","guarded","acc7128b336c042c","PASS","112","113","113","1","15","0","True"
"spring","guarded","40244cf36ec0d49e","PASS","113","114","114","1","15","0","True"
"spring","guarded","2e430399a4dc660a","PASS","114","115","115","1","15","0","True"
"spring","guarded","13b6480e98c61d0a","PASS","115","116","116","1","15","0","True"
"spring","guarded","908a3251808073b0","PASS","116","117","117","5","11","0","True"
"spring","guarded","0027b65817ee5a31","PASS","117","118","118","8","8","0","True"
"spring","guarded","1b7229a8baed40be","PASS","118","119","119","1","15","0","True"
"spring","guarded","7c2b4fbedd95ee72","PASS","119","120","120","1","15","0","True"
"spring","guarded","b335b357d56d2833","PASS","120","121","121","1","15","0","True"
"spring","guarded","ee864f679878e412","PASS","121","122","122","3","13","0","True"
"spring","guarded","c93e6374e948a8bc","PASS","122","123","123","7","9","0","True"
"spring","guarded","fad0a06d26a9637c","PASS","123","124","124","1","15","0","True"
"spring","guarded","998bed3b764957a9","PASS","124","125","125","7","9","0","True"
"spring","guarded","16c586eaf0f7e716","PASS","125","126","126","1","15","0","True"
"spring","guarded","e5dd432a6e9496b9","PASS","126","127","127","1","15","0","True"
"spring","guarded","c0be236066186383","PASS","127","128","128","1","15","0","True"
"spring","guarded","b3a49ec7729f899f","PASS","128","129","129","1","15","0","True"
"spring","guarded","55a5a6d2ebe0224c","PASS","129","130","130","5","11","0","True"
"spring","guarded","2651cd66c6a80631","PASS","130","131","131","3","13","0","True"
"spring","guarded","5a28783c6763138f","PASS","131","132","132","2","14","0","True"
"spring","guarded","abc430409454771d","PASS","132","133","133","1","15","0","True"
"spring","guarded","f2e88ccd5874e3f2","PASS","133","134","134","4","12","0","True"
"spring","guarded","7097dc9b78cc1ca4","PASS","134","135","135","9","7","0","True"
"spring","guarded","3ef97acb92eb4c76","PASS","135","136","136","9","7","0","True"
"spring","guarded","36eba6e37b6cc0ee","PASS","136","137","137","1","15","0","True"
"spring","guarded","006604d5360ba1f3","PASS","137","138","138","2","14","0","True"
"spring","guarded","b1ca248778946e4e","PASS","138","139","139","1","15","0","True"
"spring","guarded","fb57ecb00029c507","PASS","139","140","140","2","14","0","True"
"spring","guarded","5121219556000f52","PASS","140","141","141","1","15","0","True"
"spring","guarded","8eb358fefa1288e4","PASS","141","142","142","13","3","0","True"
"spring","guarded","22904a4722f0beb9","PASS","142","143","143","10","6","0","True"
"spring","guarded","7c6b85ca7e59cc88","PASS","143","144","144","2","14","0","True"
"spring","guarded","b9036364ae1d6711","PASS","144","145","145","1","15","0","True"
"spring","guarded","9b59ba5843bea6f6","PASS","145","146","146","1","15","0","True"
"spring","guarded","13cc7ab56b6aca05","PASS","146","147","147","1","15","0","True"
"spring","guarded","8923607d5e5876b6","PASS","147","148","148","6","10","0","True"
"spring","guarded","2f4c874c993c4d4a","PASS","148","149","149","1","15","0","True"
"spring","guarded","5215b349498c9ded","PASS","149","150","150","2","14","0","True"
"spring","guarded","af5558ad3ccd00b0","PASS","150","151","151","1","15","0","True"
"spring","guarded","6d3f8c29b3eabf00","PASS","151","152","152","1","15","0","True"
"spring","guarded","4a6e14ac18ed5cfe","PASS","152","153","153","4","12","0","True"
"spring","guarded","96d2328d66b284a9","PASS","153","154","154","1","15","0","True"
"spring","guarded","678ebc8db8664738","PASS","154","155","155","3","13","0","True"
"spring","guarded","85f7bea201f136f1","PASS","155","156","156","2","14","0","True"
"spring","guarded","3149185c48cb43c0","PASS","156","157","157","1","15","0","True"
"spring","guarded","12a45e8dce52b374","PASS","157","158","158","1","15","0","True"
"spring","guarded","23c85bff7694cf17","PASS","158","159","159","1","15","0","True"
"spring","guarded","f3eba226ac905705","PASS","159","160","160","4","12","0","True"
"spring","guarded","5cb0c86511d69a67","PASS","160","161","161","7","9","0","True"
"spring","guarded","df9c51e20a891fc1","PASS","161","162","162","4","12","0","True"
"spring","guarded","1109344efe9e7a08","PASS","162","163","163","3","13","0","True"
"spring","guarded","ae1670b55d0bade7","PASS","163","164","164","2","14","0","True"
"spring","guarded","88d087a951c192b1","PASS","164","165","165","3","13","0","True"
"spring","guarded","a7cbf7b7a4cfa9ef","PASS","165","166","166","1","15","0","True"
"spring","guarded","ed90164cdb2a6e6d","PASS","166","167","167","1","15","0","True"
"spring","guarded","52703306103b8d12","PASS","167","168","168","7","9","0","True"
"spring","guarded","473a74f9279c2b01","PASS","168","169","169","4","12","0","True"
"spring","guarded","0669278fb55e9149","PASS","169","170","170","6","10","0","True"
"spring","guarded","7690eed889795e7b","PASS","170","171","171","1","15","0","True"
"spring","guarded","323e671941423020","PASS","171","172","172","7","9","0","True"
"spring","guarded","8124fa0995f9578e","PASS","172","173","173","1","15","0","True"
"spring","guarded","7d24d6a586d484f0","PASS","173","174","174","8","8","0","True"
"spring","guarded","04a8d21777a384cd","PASS","174","175","175","3","13","0","True"
"spring","guarded","38bf152e025b3a18","PASS","175","176","176","7","9","0","True"
"spring","guarded","53741bfc21d38e2d","PASS","176","177","177","2","14","0","True"
"spring","guarded","6c60b144e5ea0dc8","PASS","177","178","178","1","15","0","True"
"spring","guarded","0e5bb8979d226499","PASS","178","179","179","1","15","0","True"
"spring","guarded","ebb9361e3d579c16","PASS","179","180","180","1","15","0","True"
"spring","guarded","bcb648f83d54c27d","PASS","180","181","181","7","9","0","True"
"spring","guarded","22bc1ccf58868083","PASS","181","182","182","11","5","0","True"
"spring","guarded","a15c59d1eff9a7b0","PASS","182","183","183","5","11","0","True"
"spring","guarded","ead26967c4c2eb6c","PASS","183","184","184","6","10","0","True"
"spring","guarded","51facbce4262adfc","PASS","184","185","185","1","15","0","True"
"spring","guarded","71fd87172309c8bb","PASS","185","186","186","1","15","0","True"
"spring","guarded","41079b424333161a","PASS","186","187","187","1","15","0","True"
"spring","guarded","4cd8e3855d5faf39","PASS","187","188","188","4","12","0","True"
"spring","guarded","88ec38b041952b05","PASS","188","189","189","4","12","0","True"
"spring","guarded","d24f13fc93fe0521","PASS","189","190","190","2","14","0","True"
"spring","guarded","f7a1aa7fd0699fd0","PASS","190","191","191","9","7","0","True"
"spring","guarded","1a18e7c27bc205bb","PASS","191","192","192","1","15","0","True"
"spring","guarded","7378c0804eda7ffa","PASS","192","193","193","9","7","0","True"
"spring","guarded","c73a634eecd6f70f","PASS","193","194","194","11","5","0","True"
"spring","guarded","38ac8719529c1647","PASS","194","195","195","10","6","0","True"
"spring","guarded","4ba3b249b684f08a","PASS","195","196","196","4","12","0","True"
"spring","guarded","ecb2d7db55c16f0a","PASS","196","197","197","1","15","0","True"
"spring","guarded","d4d26ef8b1558db1","PASS","197","198","198","5","11","0","True"
"spring","guarded","5ad6b46aad2052f6","PASS","198","199","199","2","14","0","True"
"spring","guarded","3a376559c287f77f","PASS","199","200","200","2","14","0","True"
"spring","guarded","751c74cc3f5dfdcc","PASS","200","201","201","1","15","0","True"
"express","control","a5c914abb39c7693","VIOLATION","0","1","16","16","0","0","True"
"express","control","042a914f9ae3f686","VIOLATION","16","17","32","16","0","0","True"
"express","control","f4a595a7d5a7641f","VIOLATION","32","33","48","16","0","0","True"
"express","control","10ab55b9d1be000d","VIOLATION","48","49","64","16","0","0","True"
"express","control","9e3b14ba743da294","VIOLATION","64","65","80","16","0","0","True"
"express","control","02cc301d2978cc60","VIOLATION","80","81","96","16","0","0","True"
"express","control","b8d59de6be87067b","VIOLATION","96","97","112","16","0","0","True"
"express","control","3b5bb21d89b47aca","VIOLATION","112","113","128","16","0","0","True"
"express","control","088b2ad98d39aa1e","VIOLATION","128","129","144","16","0","0","True"
"express","control","ce88c7f630ef6fd1","VIOLATION","144","145","160","16","0","0","True"
"fastapi","control","1de7555a54de5fcd","VIOLATION","0","1","16","16","0","0","True"
"fastapi","control","fd29c633408d529a","VIOLATION","16","17","32","16","0","0","True"
"fastapi","control","5b3acaf07bdea7f6","VIOLATION","32","33","48","16","0","0","True"
"fastapi","control","d16757ab7fe69a31","VIOLATION","48","49","64","16","0","0","True"
"fastapi","control","b85a47609bbc7e87","VIOLATION","64","65","80","16","0","0","True"
"fastapi","control","d0763f6dc2b6c4e7","VIOLATION","80","81","96","16","0","0","True"
"fastapi","control","f7516999af6ca45a","VIOLATION","96","97","112","16","0","0","True"
"fastapi","control","0005eaa821a58db9","VIOLATION","112","113","128","16","0","0","True"
"fastapi","control","0f00a40bd255da22","VIOLATION","128","129","144","16","0","0","True"
"fastapi","control","6533870df75ebf7a","VIOLATION","144","145","160","16","0","0","True"
