"mode","run_id","baseline","after_restart","final","original_http","retry_http","same_id","verdict"
"guard","19f71f6dec36ee15","0","1","1","201","201","True","PASS"
"guard","0ea6882c9ab7df6d","1","2","2","201","201","True","PASS"
"guard","3335d946e3990665","2","3","3","201","201","True","PASS"
"guard","f2af5cfe395f4059","3","4","4","201","201","True","PASS"
"guard","818297b159662598","4","5","5","201","201","True","PASS"
"guard","cca242adaa128e1d","5","6","6","201","201","True","PASS"
"guard","d6a8c65a4a517784","6","7","7","201","201","True","PASS"
"guard","441e0e7687b0d6de","7","8","8","201","201","True","PASS"
"guard","26e68e98e51d7bfd","8","9","9","201","201","True","PASS"
"guard","834dcb6ba03f5542","9","10","10","201","201","True","PASS"
"guard","ae158af3993402e1","10","11","11","201","201","True","PASS"
"guard","2db0a0c1bbf676f7","11","12","12","201","201","True","PASS"
"guard","70a1696a86cbeb61","12","13","13","201","201","True","PASS"
"guard","7f4646677347467e","13","14","14","201","201","True","PASS"
"guard","16016d892cd2c4b3","14","15","15","201","201","True","PASS"
"guard","1ae8085b3b05abcd","15","16","16","201","201","True","PASS"
"guard","6c09f2ef023a0b98","16","17","17","201","201","True","PASS"
"guard","4b54eeb075b6842e","17","18","18","201","201","True","PASS"
"guard","25602a151be6c6b5","18","19","19","201","201","True","PASS"
"guard","daf310eff7f99ce0","19","20","20","201","201","True","PASS"
"control","8e25bbebb0d43730","0","1","2","201","201","False","VIOLATION"
"control","d55fee65e3629ef4","2","3","4","201","201","False","VIOLATION"
"control","138e11955e1158b1","4","5","6","201","201","False","VIOLATION"
"control","0f80b72f00b5a64e","6","7","8","201","201","False","VIOLATION"
"control","4c65239775a20438","8","9","10","201","201","False","VIOLATION"
