"mode","run_id","status","baseline","expected","observed","original_http","changed_http"
"guard","2a8af521de4ec4ba","PASS","0","1","1","201","422"
"guard","974f786f0065493b","PASS","1","2","2","201","422"
"guard","351348ed17dea284","PASS","2","3","3","201","422"
"guard","c14651f1603d1fdb","PASS","3","4","4","201","422"
"guard","5e4a81e35f5ab646","PASS","4","5","5","201","422"
"guard","c5b1d891aff4ed7d","PASS","5","6","6","201","422"
"guard","133b93411e083263","PASS","6","7","7","201","422"
"guard","d738315357d255d4","PASS","7","8","8","201","422"
"guard","64a5750a5c562857","PASS","8","9","9","201","422"
"guard","c7727b2e763669e5","PASS","9","10","10","201","422"
"guard","776bd7fe3da66d70","PASS","10","11","11","201","422"
"guard","60fbe745ec590a72","PASS","11","12","12","201","422"
"guard","0e62ad6a3a58c784","PASS","12","13","13","201","422"
"guard","cb43d7a0e00aa0bc","PASS","13","14","14","201","422"
"guard","04b81a2eb1289d2b","PASS","14","15","15","201","422"
"guard","d13fee96870a47f4","PASS","15","16","16","201","422"
"guard","4b95b7bbc8aef357","PASS","16","17","17","201","422"
"guard","763931d37af4b642","PASS","17","18","18","201","422"
"guard","bf551af97820ddf2","PASS","18","19","19","201","422"
"guard","3d70943eb724f8d9","PASS","19","20","20","201","422"
"control","a2c98247344ea9d0","VIOLATION","0","1","2","201","201"
"control","d0939a54e94d56f3","VIOLATION","2","3","4","201","201"
"control","f0686d9aaa9dc4d7","VIOLATION","4","5","6","201","201"
"control","5a614125891743fc","VIOLATION","6","7","8","201","201"
"control","850bbe560075c955","VIOLATION","8","9","10","201","201"
